# Names and profile links from https://naruto.fandohub.com/ru/character, retrieved 2026-09-23. No biographies copied.
Торои	https://naruto.fandohub.com/ru/character/toroi
Гари	https://naruto.fandohub.com/ru/character/gari
Додай	https://naruto.fandohub.com/ru/character/doday
Ацуи	https://naruto.fandohub.com/ru/character/atsui
Гурен	https://naruto.fandohub.com/ru/character/guren
Куросуки Райга	https://naruto.fandohub.com/ru/character/kurosuki-rayga
Третий Казекаге	https://naruto.fandohub.com/ru/character/tretiy-kazekage
Яшамару	https://naruto.fandohub.com/ru/character/yashamaru
Акебино Джинин	https://naruto.fandohub.com/ru/character/akebino-dzhinin
Мабуи	https://naruto.fandohub.com/ru/character/mabui
Яхико	https://naruto.fandohub.com/ru/character/yahiko
Майто Дай	https://naruto.fandohub.com/ru/character/mayto-day
Хатаке Сакумо	https://naruto.fandohub.com/ru/character/hatake-sakumo
Ооцуцуки Индра	https://naruto.fandohub.com/ru/character/indra-ootsutsuki
Ооцуцуки Ашура	https://naruto.fandohub.com/ru/character/ootsutsuki-ashura
Мейзу	https://naruto.fandohub.com/ru/character/meyzu
Гозу	https://naruto.fandohub.com/ru/character/gozu
Камизуки Изумо	https://naruto.fandohub.com/ru/character/kamizuki-izumo
Хагане Котецу	https://naruto.fandohub.com/ru/character/hagane-kotetsu
Яманака Фуу	https://naruto.fandohub.com/ru/character/yamanaka-fuu
Абураме Торуне	https://naruto.fandohub.com/ru/character/aburame-torune
Ооцуцуки Хамура	https://naruto.fandohub.com/ru/character/ootsutsuki-hamura
Мунаши Джинпачи	https://naruto.fandohub.com/ru/character/munashi-dzhinpachi
Суйказан Фугуки	https://naruto.fandohub.com/ru/character/suykazan-fuguki
Кицучи	https://naruto.fandohub.com/ru/character/kitsuchi
Ши	https://naruto.fandohub.com/ru/character/shi
Намиаши Райдо	https://naruto.fandohub.com/ru/character/namiashi-raydo
Эбису	https://naruto.fandohub.com/ru/character/ebisu
Инузука Хана	https://naruto.fandohub.com/ru/character/inuzuka-hana
Като Дан	https://naruto.fandohub.com/ru/character/kato-dan
Ринго Амеюри	https://naruto.fandohub.com/ru/character/ringo-ameyuri
Инузука Цуме	https://naruto.fandohub.com/ru/character/inuzuka-tsume
Куриараре Кушимару	https://naruto.fandohub.com/ru/character/kuriarare-kushimaru
Баки	https://naruto.fandohub.com/ru/character/baki
Акацучи	https://naruto.fandohub.com/ru/character/akatsuchi
Исе Удон	https://naruto.fandohub.com/ru/character/ise-udon
Казамацури Моэги	https://naruto.fandohub.com/ru/character/kazamatsuri-moegi
Мизуки	https://naruto.fandohub.com/ru/character/mizuki
Абураме Шиби	https://naruto.fandohub.com/ru/character/aburame-shibi
Хозуки Мангецу	https://naruto.fandohub.com/ru/character/hozuki-mangetsu
Хьюга Хизаши	https://naruto.fandohub.com/ru/character/h-yuga-hizashi
Хьюга Хиаши	https://naruto.fandohub.com/ru/character/h-yuga-hiashi
Учиха Изуна	https://naruto.fandohub.com/ru/character/uchiha-izuna
Абуми Заку	https://naruto.fandohub.com/ru/character/abumi-zaku
Цучи Кин	https://naruto.fandohub.com/ru/character/tsuchi-kin
Кинута Досу	https://naruto.fandohub.com/ru/character/kinuta-dosu
Джиробо	https://naruto.fandohub.com/ru/character/dzhirobo
Узуки Югао	https://naruto.fandohub.com/ru/character/uzuki-yugao
Хьюга Ханаби	https://naruto.fandohub.com/ru/character/h-yuga-hanabi
Мифуне	https://naruto.fandohub.com/ru/character/mifune
Самуи	https://naruto.fandohub.com/ru/character/samui
Омои	https://naruto.fandohub.com/ru/character/omoi
Кидомару	https://naruto.fandohub.com/ru/character/kidomaru
Сакон и Укон	https://naruto.fandohub.com/ru/character/sakon-i-ukon
Джуго	https://naruto.fandohub.com/ru/character/dzhugo
Узумаки Мито	https://naruto.fandohub.com/ru/character/uzumaki-mito
Каратачи Ягура	https://naruto.fandohub.com/ru/character/karatachi-yagura
Пакура	https://naruto.fandohub.com/ru/character/pakura
Таюя	https://naruto.fandohub.com/ru/character/tayuya
Гинкаку	https://naruto.fandohub.com/ru/character/ginkaku
Кинкаку	https://naruto.fandohub.com/ru/character/kinkaku
Ямаширо Аоба	https://naruto.fandohub.com/ru/character/yamashiro-aoba
Яманака Иноичи	https://naruto.fandohub.com/ru/character/yamanaka-inoichi
Гекко Хаяте	https://naruto.fandohub.com/ru/character/gekko-hayate
Шимура Данзо	https://naruto.fandohub.com/ru/character/shimura-danzo
Учиха Фугаку	https://naruto.fandohub.com/ru/character/uchiha-fugaku
Юхи Куренай	https://naruto.fandohub.com/ru/character/yuhi-kurenay
Чоджуро	https://naruto.fandohub.com/ru/character/chodzhuro
Ао	https://naruto.fandohub.com/ru/character/ao
3 Эй	https://naruto.fandohub.com/ru/character/ey-third
Муу	https://naruto.fandohub.com/ru/character/muu
Зецу	https://naruto.fandohub.com/ru/character/zetsu
Хан	https://naruto.fandohub.com/ru/character/han
Роши	https://naruto.fandohub.com/ru/character/roshi
Хьюга Неджи	https://naruto.fandohub.com/ru/character/h-yuga-nedzhi
Яманака Ино	https://naruto.fandohub.com/ru/character/yamanaka-ino
Якуши Кабуто	https://naruto.fandohub.com/ru/character/yakushi-kabuto
Нара Шикаку	https://naruto.fandohub.com/ru/character/nara-shikaku
Бива Джузо	https://naruto.fandohub.com/ru/character/biva-dzhuzo
Нохара Рин	https://naruto.fandohub.com/ru/character/nohara-rin
Ширануи Генма	https://naruto.fandohub.com/ru/character/shiranui-genma
Морино Ибики	https://naruto.fandohub.com/ru/character/morino-ibiki
Куроцучи	https://naruto.fandohub.com/ru/character/kurotsuchi
Хозуки Генгецу	https://naruto.fandohub.com/ru/character/hozuki-gengetsu
Утаката	https://naruto.fandohub.com/ru/character/utakata
Нии Югито	https://naruto.fandohub.com/ru/character/nii-yugito
Фуу	https://naruto.fandohub.com/ru/character/fuu
Ооцуцуки Хагоромо	https://naruto.fandohub.com/ru/character/ootsutsuki-hagoromo
Раса	https://naruto.fandohub.com/ru/character/rasa
Ханзо	https://naruto.fandohub.com/ru/character/hanzo
Чиё	https://naruto.fandohub.com/ru/character/chiyo
Даруи	https://naruto.fandohub.com/ru/character/darui
Ооноки	https://naruto.fandohub.com/ru/character/oonoki
Шизуне	https://naruto.fandohub.com/ru/character/shizune
Акимичи Чоуза	https://naruto.fandohub.com/ru/character/akimichi-chouza
Карин	https://naruto.fandohub.com/ru/character/karin
Кимимаро	https://naruto.fandohub.com/ru/character/kimimaro
Ооцуцуки Кагуя	https://naruto.fandohub.com/ru/character/ootsotsuki-kaguya
Сенджу Тобирама	https://naruto.fandohub.com/ru/character/sendzhu-tobirama
Какузу	https://naruto.fandohub.com/ru/character/kakuzu
Сарутоби Асума	https://naruto.fandohub.com/ru/character/sarutobi-asuma
Сасори	https://naruto.fandohub.com/ru/character/sasori
Сарутоби Конохамару	https://naruto.fandohub.com/ru/character/sarutobi-konohamaru
Ямато	https://naruto.fandohub.com/ru/character/yamato
Сарутоби Хирузен	https://naruto.fandohub.com/ru/character/sarutobi-hiruzen
Гаара	https://naruto.fandohub.com/ru/character/gaara
Учиха Обито	https://naruto.fandohub.com/ru/character/uchiha-obito
Теруми Мей	https://naruto.fandohub.com/ru/character/terumi-mey
4 Эй	https://naruto.fandohub.com/ru/character/ey-fourth
Нагато	https://naruto.fandohub.com/ru/character/nagato
Хидан	https://naruto.fandohub.com/ru/character/hidan
Канкуро	https://naruto.fandohub.com/ru/character/kankuro
Абураме Шино	https://naruto.fandohub.com/ru/character/aburame-shino
Умино Ирука	https://naruto.fandohub.com/ru/character/umino-iruka
Хошигаки Кисаме	https://naruto.fandohub.com/ru/character/hoshigaki-kisame
Дейдара	https://naruto.fandohub.com/ru/character/deydara
Цунаде	https://naruto.fandohub.com/ru/character/tsunade
Киллер Би	https://naruto.fandohub.com/ru/character/killer-bi
Митараши Анко	https://naruto.fandohub.com/ru/character/mitarashi-anko
Сай	https://naruto.fandohub.com/ru/character/say
Тен-Тен	https://naruto.fandohub.com/ru/character/ten-ten
Хаку	https://naruto.fandohub.com/ru/character/haku
Момочи Забуза	https://naruto.fandohub.com/ru/character/momochi-zabuza
Каруи	https://naruto.fandohub.com/ru/character/karui
Майто Гай	https://naruto.fandohub.com/ru/character/mayto-gay
Нара Шикамару	https://naruto.fandohub.com/ru/character/nara-shikamaru
Орочимару	https://naruto.fandohub.com/ru/character/orochimaru
Сенджу Хаширама	https://naruto.fandohub.com/ru/character/sendzhu-hashirama
Акимичи Чоджи	https://naruto.fandohub.com/ru/character/akimichi-chodzhi
Конан	https://naruto.fandohub.com/ru/character/konan
Хозуки Суйгецу	https://naruto.fandohub.com/ru/character/hozuki-suygetsu
Инузука Киба	https://naruto.fandohub.com/ru/character/inuzuka-kiba
Джирайя	https://naruto.fandohub.com/ru/character/dzhirayya
Темари	https://naruto.fandohub.com/ru/character/temari
Рок Ли	https://naruto.fandohub.com/ru/character/rok-li
Хьюга Хината	https://naruto.fandohub.com/ru/character/h-yuga-hinata
Хатаке Какаши	https://naruto.fandohub.com/ru/character/hatake-kakashi
Харуно Сакура	https://naruto.fandohub.com/ru/character/haruno-sakura
Учиха Мадара	https://naruto.fandohub.com/ru/character/uchiha-madara
Учиха Шисуи	https://naruto.fandohub.com/ru/character/uchiha-shisui
Учиха Итачи	https://naruto.fandohub.com/ru/character/uchiha-itachi
Учиха Саске	https://naruto.fandohub.com/ru/character/uchiha-saske
Узумаки Наруто	https://naruto.fandohub.com/ru/character/uzumaki-naruto
Узумаки Кушина	https://naruto.fandohub.com/ru/character/uzumaki-kushina
Намикадзе Минато	https://naruto.fandohub.com/ru/character/namikadze-minato
